Piccolo comune;doc_id;URL
Accadia;text15;https://www.ladige.it/cronaca/2022/03/18/bando-borghi-per-palu-dei-mocheni-il-ministro-franceschini-conferma-il-progetto-1.3160406
Acquapendente;text15;https://www.ladige.it/cronaca/2022/03/18/bando-borghi-per-palu-dei-mocheni-il-ministro-franceschini-conferma-il-progetto-1.3160406
Aliano;text12;https://www.lagazzettadelmezzogiorno.it/news/matera/1368415/aliano-e-tursi-il-mondo-e-qui-il-southworking-per-ripopolare-i-borghi.html
Andora;text15;https://www.ladige.it/cronaca/2022/03/18/bando-borghi-per-palu-dei-mocheni-il-ministro-franceschini-conferma-il-progetto-1.3160406
Badolato;text26;https://catanzaro.gazzettadelsud.it/articoli/societa/2022/03/09/dalla-lituania-a-badolato-lavorando-in-smart-working-fc711d8a-9254-403f-a63b-3b70547af1a6/?utm_source=immediafeed&utm_medium=feed&utm_campaign=hp_catanzaro
Badolato;text33;https://catanzaro.gazzettadelsud.it/articoli/societa/2022/01/22/i-luoghi-ideali-per-lo-smart-working-tra-i-prescelti-anche-il-borgo-di-badolato-e5ff910d-9caa-4b04-bfd4-18d2455c85fa/?utm_source=immediafeed&utm_medium=feed&utm_campaign=hp_catanzaro
Bagolino;text44;https://www.ilsole24ore.com/art/la-scrivania-vista-e-offerta-libera-ecco-dove-fare-smart-working-aziende-agricole-ADuIcNGB
Balestrate;text108;https://www.tgcom24.mediaset.it/tgcomlab/affitti-brevi-italianway-lancia-la-startupbuytorent_34431872-202102k.shtml
Barbaresco;text14;https://notiziaoggi.it/idee-consigli/anche-il-piemonte-tra-i-luoghi-nascosti-da-visitare-lultima-ricerca/
Barolo;text14;https://notiziaoggi.it/idee-consigli/anche-il-piemonte-tra-i-luoghi-nascosti-da-visitare-lultima-ricerca/
Breganze;text133;https://www.ilgiornaledivicenza.it/rubriche/viaggi-e-turismo/elisabetta-faggiana-savio-losito-viaggio-italia-unexpected-italy-1.10752197
Brisighella;text42;https://metronews.it/2024/06/22/classifica-citta-italiane-preferite-nomadi-digitali/
Calangianus;text111;https://www.galluraoggi.it/calangianus/pnrr-calangianus-progetto-approvato-16-marzo-2022/
Calangianus;text19;https://www.galluraoggi.it/cronaca/palazzo-puliga-riqualificazione-pnrr-21-febbraio-2022/
Caldonazzo;text44;https://www.ilsole24ore.com/art/la-scrivania-vista-e-offerta-libera-ecco-dove-fare-smart-working-aziende-agricole-ADuIcNGB
Camogli;text90;https://www.repubblica.it/economia/2024/07/25/news/nomadi_digitali_ecco_le_dieci_citta_piu_accoglienti_per_chi_vuole_lavorare_nella_grande_bellezza-423413422/?rss
Capri;text150;https://www.repubblica.it/green-and-blue/2023/02/16/news/spopolamento_stipendi_bassi_servizi_ambiente_aree_interne_borghi_pnrr-388142884/?rss
Castelnuovo Cilento;text90;https://www.repubblica.it/economia/2024/07/25/news/nomadi_digitali_ecco_le_dieci_citta_piu_accoglienti_per_chi_vuole_lavorare_nella_grande_bellezza-423413422/?rss
Castelvecchio di Rocca Barbena;text118;https://www.ligurianotizie.it/festivalcontrario-2023-vivere-la-val-neva/2023/06/20/545666/
Castiglione di Sicilia;text84;https://www.corriere.it/economia/casa/22_marzo_26/airbnb-casa-gratis-ripopolare-sambuca-arrivate-100-mila-domande-631f31e8-ad09-11ec-b4fc-c139140ab75b.shtml
Cellamare;text154;https://www.corriere.it/economia/lavoro/22_maggio_06/smart-working-l-imprenditore-che-lavora-camper-il-mio-ufficio-vista-mare-bb93482e-cc75-11ec-b523-191019bfc881.shtml
Ceresole Reale;text14;https://notiziaoggi.it/idee-consigli/anche-il-piemonte-tra-i-luoghi-nascosti-da-visitare-lultima-ricerca/
Cervo;text92;https://www.galluraoggi.it/guide/nomadi-digitali-piace-italia-quali-perle-nascoste-visitare/
Cervo;text65;https://www.larena.it/publiadige/redazionali/quali-sono-le-migliori-citta-per-nomadi-digitali-in-italia-l-ultima-classifica-1.10745469
Civitacampomarano;text20;https://www.ilgiornaledivicenza.it/oltre-vicenza/italia/casa-a-un-euro-per-un-anno-oltre-100mila-i-candidati-per-vivere-a-sambuca-in-sicilia-1.9304974
Civitacampomarano;text6;https://www.tgcom24.mediaset.it/cronaca/agrigento-soggiorno-di-12-mesi-a-un-euro-boom-di-richieste-da-tutto-il-mondo_47877146-202202k.shtml
Elva;text15;https://www.ladige.it/cronaca/2022/03/18/bando-borghi-per-palu-dei-mocheni-il-ministro-franceschini-conferma-il-progetto-1.3160406
Fano Adriano;text60;https://www.ansa.it/abruzzo/notizie/2024/05/10/nomadi-digitali-1205-nuove-residenzialita-a-fano-adriano_446ba2de-674c-4937-94eb-a89b9154b893.html
Ferno;text121;https://www.varesenews.it/2024/09/linvasione-degli-ultracamper-nel-paese-vicino-a-malpensa/2043009/
Fontainemore;text15;https://www.ladige.it/cronaca/2022/03/18/bando-borghi-per-palu-dei-mocheni-il-ministro-franceschini-conferma-il-progetto-1.3160406
Furore;text65;https://www.larena.it/publiadige/redazionali/quali-sono-le-migliori-citta-per-nomadi-digitali-in-italia-l-ultima-classifica-1.10745469
Gambellara;text133;https://www.ilgiornaledivicenza.it/rubriche/viaggi-e-turismo/elisabetta-faggiana-savio-losito-viaggio-italia-unexpected-italy-1.10752197
Gavoi;text44;https://www.ilsole24ore.com/art/la-scrivania-vista-e-offerta-libera-ecco-dove-fare-smart-working-aziende-agricole-ADuIcNGB
Gerace;text15;https://www.ladige.it/cronaca/2022/03/18/bando-borghi-per-palu-dei-mocheni-il-ministro-franceschini-conferma-il-progetto-1.3160406
Gibellina;text150;https://www.repubblica.it/green-and-blue/2023/02/16/news/spopolamento_stipendi_bassi_servizi_ambiente_aree_interne_borghi_pnrr-388142884/?rss
Grado;text74;https://www.ilfriuli.it/articolo/economia/smart-working-i-numeri-in-fvg-/4/277588
Grizzana Morandi;text15;https://www.ladige.it/cronaca/2022/03/18/bando-borghi-per-palu-dei-mocheni-il-ministro-franceschini-conferma-il-progetto-1.3160406
Irsina;text41;https://www.lagazzettadelmezzogiorno.it/news/matera/1348013/irsina-accoglie-i-nomadi-digitali-il-telelavoro-per-ripopolare-i-borghi.html
Laconi;text34;https://www.sardiniapost.it/culture/il-coworking-rurale-nel-piccolo-borgo-treballu-a-laconi-apre-le-porte-ai-nomadi-digitali/
Lavenone;text20;https://www.ilgiornaledivicenza.it/oltre-vicenza/italia/casa-a-un-euro-per-un-anno-oltre-100mila-i-candidati-per-vivere-a-sambuca-in-sicilia-1.9304974
Lavenone;text6;https://www.tgcom24.mediaset.it/cronaca/agrigento-soggiorno-di-12-mesi-a-un-euro-boom-di-richieste-da-tutto-il-mondo_47877146-202202k.shtml
Livigno;text48;https://www.ilgiorno.it/sondrio/economia/livigno-smart-working-mottolino-1.8409879
Magliano in Toscana;text104;https://www.lanazione.it/economia/smart-working-dove-lavorare-jdxuabp8
Malcesine;text42;https://metronews.it/2024/06/22/classifica-citta-italiane-preferite-nomadi-digitali/
Maracalagonis;text107;https://www.ansa.it/sardegna/notizie/2024/08/08/acquisti-case-nellisola-anche-da-usa-per-lavorare-da-remoto_c38c8e83-3c22-4869-8efb-765fb3663d86.html
Massa Martana;text119;https://www.ansa.it/umbria/notizie/2023/09/30/il-parco-termale-a-san-gemini-potrebbe-arrivare-in-2-3-anni_94f0e77c-b836-47bf-b2f3-93e869301543.html
Molise;text20;https://www.ilgiornaledivicenza.it/oltre-vicenza/italia/casa-a-un-euro-per-un-anno-oltre-100mila-i-candidati-per-vivere-a-sambuca-in-sicilia-1.9304974
Molise;text113;https://www.ilsole24ore.com/art/dai-borghi-giardini-storici-assegnati-18-miliardi-euro-investimenti-culturali-AEgG46hB
Molise;text27;https://www.adnkronos.com/lavoro/dati/dalle-trasferte-al-remote-working-internazionale-labc-del-nomadismo-digitale_4UUDBWhiFY9PlS11umxbTI
Molise;text57;https://www.ansa.it/canale_lifestyle/notizie/societa_diritti/2023/09/26/nomadi-digitali-ormai-una-comunita-di-35-milioni-nel-mondo_df41cdfc-8fd8-4a9f-80e1-ef9ef07cf0ff.html
Molise;text44;https://www.ilsole24ore.com/art/la-scrivania-vista-e-offerta-libera-ecco-dove-fare-smart-working-aziende-agricole-ADuIcNGB
Molise;text15;https://www.ladige.it/cronaca/2022/03/18/bando-borghi-per-palu-dei-mocheni-il-ministro-franceschini-conferma-il-progetto-1.3160406
Molise;text150;https://www.repubblica.it/green-and-blue/2023/02/16/news/spopolamento_stipendi_bassi_servizi_ambiente_aree_interne_borghi_pnrr-388142884/?rss
Molise;text6;https://www.tgcom24.mediaset.it/cronaca/agrigento-soggiorno-di-12-mesi-a-un-euro-boom-di-richieste-da-tutto-il-mondo_47877146-202202k.shtml
Montalcino;text90;https://www.repubblica.it/economia/2024/07/25/news/nomadi_digitali_ecco_le_dieci_citta_piu_accoglienti_per_chi_vuole_lavorare_nella_grande_bellezza-423413422/?rss
Montalto del Marche;text15;https://www.ladige.it/cronaca/2022/03/18/bando-borghi-per-palu-dei-mocheni-il-ministro-franceschini-conferma-il-progetto-1.3160406
Moresco;text42;https://metronews.it/2024/06/22/classifica-citta-italiane-preferite-nomadi-digitali/
Moresco;text65;https://www.larena.it/publiadige/redazionali/quali-sono-le-migliori-citta-per-nomadi-digitali-in-italia-l-ultima-classifica-1.10745469
Nove;text133;https://www.ilgiornaledivicenza.it/rubriche/viaggi-e-turismo/elisabetta-faggiana-savio-losito-viaggio-italia-unexpected-italy-1.10752197
Offagna;text129;https://www.ilrestodelcarlino.it/marche/economia/turismo-spot-video-regione-p2rx3kgc
Ollolai;text69;https://www.ilgazzettino.it/economia/news/lavoro_smart_working_sardegna_di_cosa_si_tratta_ollolai_barbagia_nomade_digitale-7606018.html
Ollolai;text106;https://www.unionesarda.it/news-sardegna/nuoro-provincia/work-from-ollolai-incontro-pubblico-con-la-prima-nomade-digitale-tkhjsai5
Ollolai;text3;https://www.unionesarda.it/news-sardegna/nuoro-provincia/work-from-ollolai-in-barbargia-sbarca-la-prima-nomade-digitale-americana-kgtbwx7i
Ollolai;text71;https://www.ilsole24ore.com/art/smart-working-barbagia-ollolai-oltre-mille-richieste-nomadi-digitali-tutto-mondo-AF2vGWi
Ollolai;text39;https://gazzettadelsud.it/articoli/societa/2023/09/02/in-smart-working-a-ollolai-in-sardegna-richieste-da-tutto-il-mondo-f6158884-051a-4624-a64c-2a41776dc993/?utm_source=immediafeed&utm_medium=feed&utm_campaign=hp_nazionale
Ollolai;text87;https://www.corriere.it/economia/casa/23_settembre_02/smart-working-casa-un-euro-barbagia-ollolai-mille-richieste-nomadi-digitali-dfa7bfc4-495b-11ee-9bd2-accbaad86dfa.shtml
Ollolai;text63;https://www.wallstreetitalia.com/ollolai-capitale-smart-working/
Ollolai;text70;https://www.tgcom24.mediaset.it/cronaca/ollolai-nuoro-prima-nomade-digitale_69330951-202302k.shtml
Ollolai;text40;https://www.ansa.it/sardegna/notizie/2023/09/01/in-smart-working-a-ollolai-richieste-da-tutto-il-mondo_aace74c2-aea8-4e33-a15f-bedcda4a69d4.html
Oratino;text44;https://www.ilsole24ore.com/art/la-scrivania-vista-e-offerta-libera-ecco-dove-fare-smart-working-aziende-agricole-ADuIcNGB
Orta San Giulio;text14;https://notiziaoggi.it/idee-consigli/anche-il-piemonte-tra-i-luoghi-nascosti-da-visitare-lultima-ricerca/
Orta San Giulio;text92;https://www.galluraoggi.it/guide/nomadi-digitali-piace-italia-quali-perle-nascoste-visitare/
Orta San Giulio;text42;https://metronews.it/2024/06/22/classifica-citta-italiane-preferite-nomadi-digitali/
Orta San Giulio;text65;https://www.larena.it/publiadige/redazionali/quali-sono-le-migliori-citta-per-nomadi-digitali-in-italia-l-ultima-classifica-1.10745469
Otranto;text42;https://metronews.it/2024/06/22/classifica-citta-italiane-preferite-nomadi-digitali/
Paderna;text44;https://www.ilsole24ore.com/art/la-scrivania-vista-e-offerta-libera-ecco-dove-fare-smart-working-aziende-agricole-ADuIcNGB
Padula;text95;https://www.ildenaro.it/da-studenti-universitari-a-imprenditori-in-campania-grazie-allhackathon-padula-2023/
Padula;text96;https://www.ildenaro.it/dallhackathon-di-padula-parte-linnovazione-delle-aree-interne-e-la-sfida-allo-spopolamento/
Pal√π del Fersina;text15;https://www.ladige.it/cronaca/2022/03/18/bando-borghi-per-palu-dei-mocheni-il-ministro-franceschini-conferma-il-progetto-1.3160406
Pertica Alta;text15;https://www.ladige.it/cronaca/2022/03/18/bando-borghi-per-palu-dei-mocheni-il-ministro-franceschini-conferma-il-progetto-1.3160406
Pienza;text90;https://www.repubblica.it/economia/2024/07/25/news/nomadi_digitali_ecco_le_dieci_citta_piu_accoglienti_per_chi_vuole_lavorare_nella_grande_bellezza-423413422/?rss
Pietrabbondante;text15;https://www.ladige.it/cronaca/2022/03/18/bando-borghi-per-palu-dei-mocheni-il-ministro-franceschini-conferma-il-progetto-1.3160406
Pitigliano;text5;https://firenze.repubblica.it/cronaca/2023/10/14/news/pitigliano_maremma_smart_worker_tribu-417727785/?rss
Poggioreale;text150;https://www.repubblica.it/green-and-blue/2023/02/16/news/spopolamento_stipendi_bassi_servizi_ambiente_aree_interne_borghi_pnrr-388142884/?rss
Pontremoli;text45;https://www.ilfattoquotidiano.it/2023/04/11/la-sfida-della-toscana-rilanciare-in-chiave-smart-economia-dei-territori-e-stili-di-vita/7120957/
Pontremoli;text122;https://www.lanazione.it/massa-carrara/cronaca/casa-in-affitto-turisti-59c12dd6
Portofino;text150;https://www.repubblica.it/green-and-blue/2023/02/16/news/spopolamento_stipendi_bassi_servizi_ambiente_aree_interne_borghi_pnrr-388142884/?rss
Recoaro Terme;text15;https://www.ladige.it/cronaca/2022/03/18/bando-borghi-per-palu-dei-mocheni-il-ministro-franceschini-conferma-il-progetto-1.3160406
Resia;text139;https://www.ilfriuli.it/articolo/economia/digitalmeet-fa-tappa-a-resia/4/272821
Salaparuta;text150;https://www.repubblica.it/green-and-blue/2023/02/16/news/spopolamento_stipendi_bassi_servizi_ambiente_aree_interne_borghi_pnrr-388142884/?rss
Sambuca Di Sicilia;text84;https://www.corriere.it/economia/casa/22_marzo_26/airbnb-casa-gratis-ripopolare-sambuca-arrivate-100-mila-domande-631f31e8-ad09-11ec-b4fc-c139140ab75b.shtml
Sambuca Di Sicilia;text66;https://www.adnkronos.com/Archivio/lavoro/dati/remote-worker-e-over-35-i-nomadi-digitali-promuovono-litalia_6bMz6FQE7uXtwZCGxpWocN
Sambuca Di Sicilia;text6;https://www.tgcom24.mediaset.it/cronaca/agrigento-soggiorno-di-12-mesi-a-un-euro-boom-di-richieste-da-tutto-il-mondo_47877146-202202k.shtml
Sambuca Di Sicilia;text20;https://www.ilgiornaledivicenza.it/oltre-vicenza/italia/casa-a-un-euro-per-un-anno-oltre-100mila-i-candidati-per-vivere-a-sambuca-in-sicilia-1.9304974
Sambuca Di Sicilia;text25;https://www.lasicilia.it/viaggiturismo/cresce-la-tribu-dei-nomadi-digitali-e-3-su-4-scelgono-il-sud-italia-1219435/
Sambuca Di Sicilia;text149;https://www.italpress.com/open-fiber-tour-a-sambuca-una-rete-di-telecomunicazioni-allavanguardia-2/
Sambuca Di Sicilia;text115;https://www.ansa.it/sicilia/notizie/speciali/2022/06/28/famiglia-francese-soggiorna-un-anno-gratis-in-sicilia-con-airbnb_1f3e6955-39a4-402e-b960-e2d31ecee44a.html
Sampeyre;text132;https://www.ilgiorno.it/economia/milano-campagna-nuova-vita-borgo-antico-1.7917795
San Gemini;text119;https://www.ansa.it/umbria/notizie/2023/09/30/il-parco-termale-a-san-gemini-potrebbe-arrivare-in-2-3-anni_94f0e77c-b836-47bf-b2f3-93e869301543.html
San Gimignano;text92;https://www.galluraoggi.it/guide/nomadi-digitali-piace-italia-quali-perle-nascoste-visitare/
San Gimignano;text42;https://metronews.it/2024/06/22/classifica-citta-italiane-preferite-nomadi-digitali/
San Gimignano;text65;https://www.larena.it/publiadige/redazionali/quali-sono-le-migliori-citta-per-nomadi-digitali-in-italia-l-ultima-classifica-1.10745469
Santa Fiora;text45;https://www.ilfattoquotidiano.it/2023/04/11/la-sfida-della-toscana-rilanciare-in-chiave-smart-economia-dei-territori-e-stili-di-vita/7120957/
Santa Fiora;text5;https://firenze.repubblica.it/cronaca/2023/10/14/news/pitigliano_maremma_smart_worker_tribu-417727785/?rss
Santo Stefano di Sessanio;text42;https://metronews.it/2024/06/22/classifica-citta-italiane-preferite-nomadi-digitali/
Sanza;text15;https://www.ladige.it/cronaca/2022/03/18/bando-borghi-per-palu-dei-mocheni-il-ministro-franceschini-conferma-il-progetto-1.3160406
Sarnano;text129;https://www.ilrestodelcarlino.it/marche/economia/turismo-spot-video-regione-p2rx3kgc
Sarteano;text44;https://www.ilsole24ore.com/art/la-scrivania-vista-e-offerta-libera-ecco-dove-fare-smart-working-aziende-agricole-ADuIcNGB
Scala;text150;https://www.repubblica.it/green-and-blue/2023/02/16/news/spopolamento_stipendi_bassi_servizi_ambiente_aree_interne_borghi_pnrr-388142884/?rss
Specchia;text42;https://metronews.it/2024/06/22/classifica-citta-italiane-preferite-nomadi-digitali/
Staffolo;text44;https://www.ilsole24ore.com/art/la-scrivania-vista-e-offerta-libera-ecco-dove-fare-smart-working-aziende-agricole-ADuIcNGB
Stelvio;text15;https://www.ladige.it/cronaca/2022/03/18/bando-borghi-per-palu-dei-mocheni-il-ministro-franceschini-conferma-il-progetto-1.3160406
Tursi;text64;https://www.lagazzettadelmezzogiorno.it/news/brindisi/1387899/ostuni-destagionalizza-grazie-ai-nomadi-digitali.html
Tursi;text12;https://www.lagazzettadelmezzogiorno.it/news/matera/1368415/aliano-e-tursi-il-mondo-e-qui-il-southworking-per-ripopolare-i-borghi.html
Tuscania;text44;https://www.ilsole24ore.com/art/la-scrivania-vista-e-offerta-libera-ecco-dove-fare-smart-working-aziende-agricole-ADuIcNGB
Ulassai;text15;https://www.ladige.it/cronaca/2022/03/18/bando-borghi-per-palu-dei-mocheni-il-ministro-franceschini-conferma-il-progetto-1.3160406
Valvasone Arzene;text124;https://www.ilfriuli.it/territorio/occasione-di-rilancio-per-i-piccoli-borghi/
Varallo;text14;https://notiziaoggi.it/idee-consigli/anche-il-piemonte-tra-i-luoghi-nascosti-da-visitare-lultima-ricerca/
Vicchio;text23;https://www.ansa.it/toscana/notizie/speciali/2023/01/19/coworking-rurale-nel-boscovicchio-capofila-progetto-europeo_bcc1ff0b-c70a-4fc1-b829-a5c64c89164e.html
Vicchio;text83;https://www.lanazione.it/cronaca/vicchio-in-finlandia-confronto-con-altri-comuni-europei-per-progettare-futuro-sostenibile-20f48453
Vicchio;text24;https://www.lanazione.it/firenze/coworking-rurale-si-conclude-bluesamm-a-vicchio-e3c566d3
Vizzini;text15;https://www.ladige.it/cronaca/2022/03/18/bando-borghi-per-palu-dei-mocheni-il-ministro-franceschini-conferma-il-progetto-1.3160406
Vogogna;text14;https://notiziaoggi.it/idee-consigli/anche-il-piemonte-tra-i-luoghi-nascosti-da-visitare-lultima-ricerca/
Zuccarello;text118;https://www.ligurianotizie.it/festivalcontrario-2023-vivere-la-val-neva/2023/06/20/545666/